date,time,강남구,강동구,강북구,강서구,관악구,광진구,구로구,금천구,노원구,도봉구,동대문구,동작구,마포구,서대문구,서초구,성동구,성북구,송파구,양천구,영등포구,용산구,은평구,종로구,중구,중랑구
1,0,0,0,5,0,0,0,0,0,0,0,0,0,0,0,0,0,0,0,0,2,0,0,0,1,0
1,1,0,0,0,0,2,5,0,1,0,0,0,0,0,0,0,0,0,0,0,0,0,0,0,2,8
1,2,6,0,0,0,0,0,0,0,0,0,0,0,0,0,0,0,3,2,0,0,6,0,0,0,0
1,3,0,0,0,0,0,0,2,0,0,0,0,0,0,0,1,0,0,0,0,0,4,0,0,0,0
1,4,0,0,5,0,0,0,0,0,0,0,0,0,0,0,0,0,0,4,0,2,0,0,0,0,0
1,5,2,3,0,0,0,0,0,0,0,0,0,0,7,0,0,0,0,0,0,0,0,2,0,0,0
1,6,0,0,0,0,0,0,0,0,0,0,0,0,0,0,0,0,0,0,0,0,0,0,0,0,0
1,7,0,0,0,0,0,0,2,2,0,0,0,2,3,0,0,0,0,0,0,0,0,0,0,0,0
1,8,0,0,0,0,0,0,0,2,0,0,0,0,0,0,0,0,0,0,0,0,0,0,0,0,0
1,9,1,0,0,0,0,0,0,0,0,0,3,0,0,0,4,0,0,0,0,0,0,0,0,0,0
1,10,0,0,0,0,0,0,0,0,0,0,0,0,0,0,3,0,0,0,0,0,2,0,0,0,0
1,11,7,0,0,0,0,0,0,0,0,0,0,0,0,0,2,2,0,6,0,4,1,3,0,3,0
1,12,0,0,0,0,0,0,0,0,7,0,1,0,0,0,2,0,2,0,0,5,0,0,0,0,0
1,13,0,0,0,0,0,0,0,0,2,0,0,0,0,0,2,0,0,0,0,0,0,0,0,0,0
1,14,2,0,2,0,4,0,3,0,0,0,4,0,0,2,0,2,3,0,0,0,0,0,0,0,0
1,15,0,0,5,2,0,0,0,0,0,0,1,0,0,0,2,0,0,3,0,0,0,0,0,0,0
1,16,0,0,0,4,0,0,0,0,0,4,0,0,0,0,8,0,0,4,0,0,0,0,12,0,0
1,17,2,0,0,0,0,0,0,0,0,0,0,0,0,0,4,0,5,0,0,0,0,0,1,0,0
1,18,2,5,0,0,4,0,0,0,0,0,3,0,0,2,0,0,0,1,0,2,4,0,0,0,0
1,19,2,0,0,0,0,0,0,0,0,0,0,0,0,0,0,0,0,0,2,0,3,0,3,0,3
1,20,0,0,0,0,0,0,0,0,18,0,2,0,0,0,0,0,0,0,0,0,0,0,2,0,0
1,21,0,0,0,0,0,0,0,2,0,0,3,0,0,5,0,2,0,0,0,3,0,0,0,0,0
1,22,0,0,0,0,0,0,0,0,0,0,0,0,0,0,2,2,0,3,0,6,0,0,0,0,0
1,23,0,0,0,0,0,4,0,0,0,0,2,0,0,0,4,0,0,0,0,0,4,0,0,0,0
2,0,4,0,0,0,0,0,0,0,0,0,0,0,0,0,0,0,0,0,0,0,0,0,0,0,0
2,1,0,0,0,0,0,0,4,0,0,0,0,0,0,0,2,0,2,0,0,0,0,2,0,0,0
2,2,0,0,2,8,0,0,0,0,0,0,0,0,0,0,0,0,0,0,0,0,0,0,0,0,0
2,3,0,0,0,0,0,0,0,0,0,0,0,0,0,0,0,0,0,0,0,0,0,0,0,3,0
2,4,0,0,0,0,0,0,0,0,0,0,0,0,0,0,0,0,0,0,0,0,0,0,0,0,0
2,5,0,0,0,0,0,0,0,0,0,0,0,0,0,0,0,0,0,0,0,0,4,0,0,0,0
2,6,0,0,2,0,0,0,0,0,0,0,0,0,5,0,0,0,0,0,0,0,0,0,0,0,0
2,7,0,0,2,0,0,1,0,3,0,0,0,0,0,0,0,0,0,5,0,0,0,0,0,0,0
2,8,0,0,0,0,0,0,0,0,0,0,0,0,2,0,0,0,0,0,0,0,0,3,0,0,0
2,9,0,0,0,0,0,0,0,0,4,0,0,0,0,0,0,0,0,0,0,10,0,0,0,0,0
2,10,0,0,0,0,0,0,0,0,0,0,0,0,0,0,0,0,0,10,2,0,0,0,0,0,0
2,11,4,3,0,0,0,0,0,0,0,0,0,0,0,0,2,0,0,2,0,0,0,0,0,0,0
2,12,0,0,0,0,0,0,0,0,0,0,0,0,0,0,0,2,0,0,0,0,0,2,0,0,0
2,13,2,0,0,0,0,4,0,0,2,0,0,0,0,2,0,0,2,0,0,2,0,2,0,0,0
2,14,0,0,0,13,0,0,0,0,0,0,0,0,0,0,0,0,0,0,0,0,4,0,0,0,0
2,15,0,0,0,2,0,0,0,6,0,0,0,0,2,0,0,0,0,0,3,0,0,1,0,0,0
2,16,0,0,0,0,0,0,0,0,0,0,0,0,2,0,0,0,0,0,0,0,0,0,0,0,0
2,17,0,0,2,1,0,0,2,0,0,0,2,0,0,0,0,0,0,3,0,0,6,0,0,0,0
2,18,0,0,0,0,0,0,2,0,0,0,2,0,0,0,3,0,0,0,3,0,0,0,0,0,0
2,19,2,3,0,0,4,0,0,0,8,0,6,2,0,0,0,0,0,0,2,2,0,0,0,0,2
2,20,0,7,0,2,2,0,0,0,0,0,0,0,0,0,0,0,2,6,0,2,2,0,0,3,0
2,21,0,0,0,0,0,0,0,0,6,0,3,0,0,0,0,0,0,0,7,0,0,0,0,0,0
2,22,0,0,0,6,0,0,0,0,0,0,2,0,0,0,0,0,0,0,0,4,0,2,0,0,3
2,23,0,0,2,0,0,2,0,0,0,0,0,0,4,0,0,0,0,0,0,0,0,0,0,0,0
3,0,0,0,0,0,0,0,0,0,0,0,0,0,0,0,0,0,0,0,0,0,0,0,0,0,0
3,1,0,0,0,0,0,0,0,0,0,0,3,2,0,0,0,0,0,0,0,0,13,0,0,0,0
3,2,0,0,2,0,0,0,0,0,0,0,8,0,0,0,0,0,0,0,0,0,1,0,0,0,0
3,3,0,0,0,0,0,0,0,0,0,0,0,0,0,0,0,0,0,0,0,0,0,0,0,0,0
3,4,0,0,0,0,0,0,0,0,0,0,0,0,0,0,0,0,0,0,0,0,0,0,0,0,0
3,5,0,0,0,0,0,0,0,0,0,0,0,2,3,0,0,0,0,0,0,0,0,0,0,0,0
3,6,0,0,0,2,0,0,0,0,0,0,0,0,0,0,3,0,0,0,0,10,0,0,0,0,0
3,7,0,0,0,0,0,0,0,0,0,0,0,0,2,0,0,2,0,3,0,0,0,0,0,0,0
3,8,0,0,0,0,0,0,2,2,0,0,4,0,0,0,2,0,0,0,0,2,0,0,0,3,0
3,9,0,0,0,0,0,4,0,0,0,0,3,0,0,0,0,0,0,3,0,5,1,0,2,0,0
3,10,3,0,0,0,0,0,0,0,0,3,0,0,0,0,0,0,0,2,0,0,2,0,0,0,0
3,11,0,0,0,0,0,0,0,0,0,0,3,1,0,0,0,0,0,2,0,0,0,0,0,2,2
3,12,0,0,2,0,0,0,0,0,0,0,0,3,0,0,2,0,0,0,0,0,0,0,0,0,0
3,13,4,0,0,0,0,0,4,0,0,0,0,0,2,0,0,0,0,0,0,0,0,0,0,0,0
3,14,0,0,0,0,0,2,0,0,0,0,0,0,0,0,0,0,0,2,0,0,3,0,0,0,0
3,15,0,0,0,0,0,0,0,0,0,0,0,0,2,2,0,0,0,2,0,0,0,0,0,2,0
3,16,7,0,0,0,0,1,2,0,2,0,0,7,0,2,5,0,0,0,0,0,0,0,0,0,0
3,17,0,0,0,3,0,0,2,6,7,3,0,0,0,0,4,0,0,2,0,0,0,0,0,0,0
3,18,4,0,0,0,0,0,0,2,0,0,0,0,0,0,0,0,0,0,0,0,0,0,0,2,0
3,19,0,0,0,0,2,0,0,0,0,0,0,0,2,0,0,0,0,2,0,0,0,0,0,0,2
3,20,0,0,0,0,0,2,0,0,2,0,0,3,0,0,2,0,0,0,0,2,0,0,0,0,0
3,21,0,2,0,0,2,0,0,0,0,0,0,1,0,0,1,0,0,2,0,0,2,0,0,0,0
3,22,0,4,2,0,0,2,0,2,0,2,0,3,0,0,0,2,0,0,0,0,0,2,2,0,0
3,23,0,0,0,2,0,0,0,0,0,0,0,0,0,0,0,0,4,0,0,0,2,0,0,0,0
4,0,0,0,0,0,6,0,0,5,0,0,0,0,0,0,0,0,0,0,0,0,0,0,0,8,0
4,1,4,0,0,0,0,0,0,0,0,0,2,0,0,0,0,0,0,3,0,0,0,0,0,0,0
4,2,0,0,0,0,0,0,0,0,0,0,0,0,0,0,0,0,0,0,2,0,0,0,4,0,0
4,3,0,3,0,0,0,0,0,0,0,0,0,0,0,0,0,0,0,0,0,0,0,0,0,0,0
4,4,0,0,0,0,0,0,0,0,0,0,4,0,0,0,0,0,0,0,0,0,0,0,0,0,0
4,5,0,0,0,0,3,0,0,0,0,2,3,0,0,0,2,0,0,0,0,0,0,0,0,0,0
4,6,0,0,0,0,0,0,0,0,0,0,0,0,0,0,0,0,0,0,0,0,0,0,0,0,0
4,7,2,0,0,0,0,0,0,0,0,0,0,0,2,0,0,0,3,0,0,0,0,0,0,0,0
4,8,0,0,0,0,0,0,0,0,2,0,0,0,2,0,0,0,0,0,0,0,0,0,0,0,0
4,9,0,0,0,0,0,0,0,0,0,3,3,0,0,0,0,0,8,0,0,4,0,5,0,0,0
4,10,4,0,0,0,0,0,0,0,0,0,2,0,0,0,0,0,0,6,0,0,0,2,0,0,0
4,11,0,0,2,0,0,0,0,0,0,0,0,0,0,0,7,2,0,0,0,0,0,1,0,2,0
4,12,0,0,0,0,0,0,0,3,0,2,0,3,0,0,0,3,0,2,0,2,0,0,0,0,0
4,13,0,0,0,0,3,2,0,0,0,0,3,0,2,0,2,0,0,2,0,4,0,0,2,0,0
4,14,0,0,0,0,6,0,0,2,0,0,0,0,3,3,0,0,0,3,0,0,0,0,0,0,0
4,15,0,0,0,0,0,0,9,0,0,2,2,0,0,0,2,2,0,2,0,0,0,0,0,0,0
4,16,0,0,2,0,0,0,0,0,0,0,2,0,0,0,6,0,3,0,0,5,0,0,0,0,9
4,17,0,0,0,0,0,0,2,0,0,0,2,0,0,0,0,0,0,0,0,0,0,0,0,2,0
4,18,4,0,0,5,3,0,0,0,2,0,0,2,0,0,0,0,0,0,0,4,0,0,0,0,0
4,19,2,5,5,0,0,0,2,0,0,0,0,0,0,7,0,0,0,2,0,0,2,0,0,0,0
4,20,4,0,0,0,0,0,0,0,2,2,0,3,0,0,0,0,0,1,0,0,0,0,3,0,0
4,21,4,0,0,0,0,0,0,0,0,0,0,0,0,0,0,0,0,0,0,0,0,0,0,3,0
4,22,0,0,5,0,0,0,0,2,0,0,0,0,0,0,0,0,0,0,0,0,0,0,0,0,0
4,23,4,0,0,0,0,4,0,0,0,0,0,5,0,0,0,0,0,0,0,0,0,0,0,0,0
5,0,2,2,0,0,0,0,0,0,0,0,0,0,0,0,0,0,0,0,0,0,4,0,0,0,6
5,1,7,0,0,0,0,2,0,0,0,0,3,0,0,0,0,0,0,1,0,2,0,0,0,0,0
5,2,0,0,0,0,2,0,0,0,0,8,0,2,0,0,0,0,0,2,0,0,0,0,0,5,0
5,3,12,0,0,0,0,0,0,0,0,0,0,0,0,0,0,0,0,0,0,0,0,0,0,0,0
5,4,0,0,0,0,0,0,0,0,0,0,0,0,2,0,0,0,0,0,0,0,0,0,0,0,0
5,5,0,0,0,0,0,0,2,0,0,0,0,0,0,0,0,0,0,0,0,0,8,0,0,0,4
5,6,0,0,0,0,2,0,2,0,0,0,0,0,0,0,0,0,3,0,0,2,0,0,0,0,2
5,7,2,1,0,0,0,0,0,0,2,0,0,4,0,0,0,0,0,2,3,0,0,0,0,0,4
5,8,0,3,0,10,2,0,3,0,0,4,3,2,0,0,0,0,0,0,0,2,3,0,0,0,2
5,9,0,0,0,2,0,0,0,0,0,0,0,0,6,0,0,2,0,0,0,0,0,0,0,0,0
5,10,5,0,0,0,0,0,0,0,0,0,4,3,0,0,0,0,0,0,0,2,0,0,4,0,0
5,11,5,2,0,0,0,0,2,0,0,0,0,0,0,0,0,0,0,0,0,2,0,2,0,0,3
5,12,0,0,0,0,0,0,0,0,0,0,0,0,0,0,0,0,0,0,2,5,0,0,0,0,0
5,13,0,0,0,0,2,0,0,0,0,0,0,0,0,0,0,0,0,0,0,0,0,0,0,0,0
5,14,3,0,0,0,0,0,0,0,0,0,0,0,0,0,4,0,0,0,0,2,5,0,0,0,0
5,15,0,0,0,5,0,0,0,0,2,0,0,0,0,4,5,0,2,0,0,0,0,3,0,0,0
5,16,0,0,0,2,0,0,0,0,5,0,0,0,0,0,0,0,0,3,0,1,0,0,0,0,0
5,17,4,3,0,2,0,0,0,0,0,0,0,0,1,0,2,0,0,0,0,2,0,0,0,0,0
5,18,10,0,0,0,2,0,5,0,0,0,0,0,0,0,6,2,0,0,0,0,4,0,0,2,0
5,19,0,0,2,0,0,0,2,0,0,0,0,3,0,0,0,0,0,2,0,2,0,2,0,0,0
5,20,0,0,0,0,0,0,0,0,0,0,2,0,0,0,2,7,1,3,0,12,0,0,0,0,0
5,21,0,0,0,0,0,0,2,0,0,0,0,0,0,0,3,2,0,2,6,2,0,0,0,0,0
5,22,0,0,0,0,0,0,1,0,0,0,0,0,6,6,0,0,0,2,0,2,0,0,0,0,0
5,23,0,0,0,0,2,0,3,2,0,0,0,2,2,0,0,0,0,0,0,0,0,0,0,0,0
6,0,0,0,0,0,0,6,0,0,0,0,0,0,0,0,0,0,0,0,0,0,0,0,3,0,0
6,1,0,0,0,3,0,0,0,0,0,0,0,0,0,0,0,0,0,0,0,4,0,0,0,0,0
6,2,0,0,0,0,6,0,0,0,0,0,0,0,0,0,0,0,0,0,0,0,0,0,0,0,0
6,3,0,0,0,0,0,0,0,0,0,0,0,2,0,0,0,0,0,0,0,0,0,0,0,0,0
6,4,0,0,0,0,0,0,0,0,2,0,0,0,0,0,0,0,0,1,0,3,0,0,0,0,0
6,5,0,0,0,0,0,0,0,0,0,0,0,0,0,0,0,0,2,0,0,2,0,0,0,0,0
6,6,0,0,0,0,0,0,0,0,0,0,0,0,0,0,0,0,0,0,0,0,0,0,0,0,0
6,7,0,0,0,0,3,0,0,0,4,0,0,0,0,0,0,2,0,0,0,0,0,0,0,0,0
6,8,0,0,3,0,0,2,0,0,0,0,0,0,0,0,0,0,0,2,0,0,0,0,0,0,0
6,9,4,0,2,0,0,0,0,0,0,0,0,0,2,0,0,0,0,0,0,0,0,0,0,0,0
6,10,4,2,0,2,0,0,0,0,0,0,0,2,0,0,0,0,0,0,0,0,0,0,0,0,0
6,11,2,0,0,0,0,2,0,4,0,0,0,0,4,0,3,0,0,1,0,0,0,0,2,0,5
6,12,2,0,0,0,0,0,0,0,0,0,0,0,2,2,0,0,0,2,0,2,0,2,0,0,0
6,13,0,0,0,0,0,0,0,2,0,0,2,0,3,0,0,0,0,0,0,0,0,0,0,0,0
6,14,0,2,0,0,0,0,0,0,3,0,0,0,0,0,2,0,0,6,0,0,0,0,2,0,0
6,15,0,1,0,0,0,5,0,0,0,0,0,0,0,0,0,0,0,1,0,0,0,0,0,0,0
6,16,0,0,0,0,0,0,0,0,0,0,0,0,0,0,7,0,0,0,0,0,7,0,0,0,0
6,17,0,4,0,2,2,0,0,0,0,1,3,0,0,0,2,0,4,2,0,0,4,0,0,0,4
6,18,0,0,0,0,0,0,0,0,0,0,0,0,0,0,2,0,0,0,2,0,0,0,0,0,4
6,19,4,0,0,0,0,0,0,0,1,0,0,0,0,0,3,0,0,2,0,0,0,0,0,0,0
6,20,4,0,0,1,0,3,0,0,0,0,0,0,0,0,0,0,2,0,0,3,0,0,0,0,0
6,21,3,0,1,0,0,0,0,2,0,0,0,0,0,0,4,0,0,0,1,0,0,0,0,2,0
6,22,2,0,0,0,0,0,2,0,2,0,0,0,2,0,0,0,10,0,0,0,0,2,0,0,0
6,23,3,0,0,0,0,0,0,6,0,0,0,0,6,0,0,0,0,0,0,0,0,0,0,0,0
7,0,0,0,0,0,0,0,0,0,0,2,3,0,0,0,0,0,0,0,0,0,0,1,1,0,0
7,1,0,0,2,0,8,0,0,0,0,0,0,0,0,0,0,0,0,0,0,0,0,1,0,0,0
7,2,0,0,0,0,2,0,0,0,0,0,0,13,0,0,0,0,0,0,0,0,0,0,0,0,0
7,3,0,0,0,0,0,0,0,0,0,0,0,2,0,0,0,0,0,0,0,0,0,0,0,0,0
7,4,0,0,0,0,0,0,0,0,0,0,0,0,1,0,0,0,0,0,0,0,2,0,0,0,0
7,5,7,0,0,2,0,0,1,0,0,0,0,0,0,0,0,0,0,0,0,0,0,0,0,0,0
7,6,0,0,0,0,0,0,0,0,0,2,0,2,0,0,0,0,0,0,0,0,0,0,0,0,0
7,7,0,0,0,2,0,0,1,0,0,0,0,0,0,0,0,0,0,0,0,0,0,0,0,0,0
7,8,0,0,0,3,0,0,0,0,0,0,0,0,0,0,3,0,2,0,0,0,0,0,0,2,11
7,9,0,0,0,0,0,0,0,0,0,0,0,3,0,0,0,0,0,0,2,0,2,0,0,0,3
7,10,0,0,0,0,0,0,0,2,0,0,2,0,0,3,8,0,1,9,0,2,0,0,0,0,0
7,11,0,0,0,0,0,0,0,0,3,3,0,0,0,0,0,0,0,3,0,0,0,3,0,0,0
7,12,0,0,4,0,2,0,0,0,0,0,0,4,0,0,6,0,0,0,0,0,0,0,0,0,0
7,13,0,0,4,0,0,0,0,0,0,0,2,0,0,0,0,3,0,0,0,0,3,0,0,2,0
7,14,2,0,0,5,0,0,0,6,0,8,0,1,0,0,0,0,2,0,3,0,0,0,1,0,0
7,15,0,0,0,0,0,3,0,0,0,0,0,0,0,0,4,0,0,0,0,2,0,0,2,0,0
7,16,3,5,0,0,2,0,0,0,2,0,0,0,0,0,0,1,0,2,0,0,0,1,3,0,0
7,17,0,2,0,0,3,0,4,0,0,0,2,0,0,0,7,0,0,0,0,0,0,0,0,0,0
7,18,0,0,0,0,0,0,0,0,0,0,0,0,0,0,0,0,0,0,1,6,0,0,0,0,0
7,19,0,0,0,0,1,0,0,0,0,0,0,2,0,0,0,2,0,0,0,4,0,2,7,0,0
7,20,2,0,0,0,0,2,0,0,2,0,0,0,0,4,5,0,2,7,0,0,0,0,0,0,0
7,21,0,0,0,0,0,0,0,0,2,0,3,0,0,0,1,2,0,0,3,0,0,0,0,0,0
7,22,0,0,0,0,0,0,0,0,4,0,0,0,0,0,0,0,0,0,0,0,0,0,0,0,4
7,23,0,0,0,0,0,1,0,0,0,0,0,3,2,0,0,2,2,0,0,0,0,3,0,0,0
8,0,2,0,0,0,0,0,0,0,0,0,0,0,1,0,7,3,0,0,0,0,0,0,0,0,0
8,1,5,3,0,0,6,0,0,0,0,0,0,3,0,0,0,5,0,2,0,0,0,0,0,0,0
8,2,0,0,0,0,0,0,0,4,0,0,0,0,0,2,0,0,0,0,0,0,0,0,0,0,0
8,3,0,0,3,0,0,0,0,0,0,0,0,0,2,0,0,0,0,0,0,0,0,0,0,0,0
8,4,0,0,0,0,0,0,0,0,0,0,0,0,0,0,0,0,0,0,0,4,2,0,0,3,0
8,5,0,0,8,0,0,0,0,0,0,0,0,0,0,0,0,0,0,0,0,0,0,0,0,0,0
8,6,0,0,0,0,0,0,0,0,0,6,0,0,3,0,0,0,0,0,0,0,0,0,0,0,0
8,7,0,0,0,0,0,0,0,0,0,0,9,0,3,0,0,4,0,0,0,3,0,0,0,0,0
8,8,2,0,0,0,0,3,0,0,0,0,0,0,0,0,0,0,3,0,4,0,2,0,0,0,0
8,9,0,0,0,0,2,2,0,0,0,0,3,0,0,0,4,0,0,6,2,0,0,0,0,1,0
8,10,0,0,0,0,0,0,0,0,0,0,0,0,0,0,0,0,0,0,0,2,0,0,0,0,0
8,11,2,2,0,0,0,0,0,0,0,0,0,3,0,0,0,0,0,0,0,6,0,0,0,0,8
8,12,0,0,0,0,0,0,0,0,0,2,0,0,2,0,8,0,6,0,0,0,4,0,0,4,0
8,13,8,0,0,2,0,0,6,0,0,0,0,0,0,3,10,0,0,3,0,2,0,0,0,2,0
8,14,2,0,0,0,2,0,4,0,0,2,2,4,0,2,0,0,0,2,0,2,0,0,0,2,0
8,15,0,5,0,0,0,0,0,0,3,0,3,0,0,0,0,2,0,7,0,0,0,0,0,0,0
8,16,0,0,0,0,0,0,0,0,0,0,0,0,0,0,7,0,4,0,0,0,0,0,6,1,2
8,17,0,0,2,0,0,0,3,0,3,0,0,0,0,0,0,0,0,2,0,2,0,0,0,0,1
8,18,0,2,0,0,0,0,0,0,0,1,0,0,2,0,0,2,0,0,2,0,0,0,0,0,0
8,19,0,0,0,0,0,0,0,0,2,0,0,0,0,0,0,0,0,8,0,0,0,4,0,0,0
8,20,2,0,0,0,0,0,0,0,0,0,0,0,0,2,0,0,0,0,0,11,0,0,0,0,0
8,21,0,0,0,2,0,0,2,0,0,0,0,0,0,0,1,0,0,0,0,0,1,5,0,0,0
8,22,2,0,0,2,5,0,0,0,0,0,2,0,0,0,0,0,0,0,0,0,0,0,0,0,0
8,23,2,0,0,3,0,0,0,0,3,0,3,0,4,0,0,0,0,2,0,2,0,0,0,0,0
9,0,0,0,0,0,0,0,4,0,0,0,0,1,0,0,0,0,0,2,0,4,0,0,0,0,0
9,1,4,0,0,6,0,0,0,0,0,0,0,0,0,0,0,0,2,0,0,0,0,0,0,0,0
9,2,0,0,2,0,0,0,0,2,0,0,0,0,0,0,0,0,0,0,0,10,2,4,0,0,0
9,3,4,0,0,0,0,0,0,0,0,0,0,0,0,0,0,0,0,0,0,0,0,0,0,0,0
9,4,0,0,0,0,2,0,0,0,0,0,0,0,0,0,0,0,0,3,0,0,0,0,0,0,0
9,5,0,0,0,0,0,0,5,0,0,0,0,0,0,0,0,2,0,0,0,0,0,0,0,0,0
9,6,0,0,0,0,0,0,3,0,0,0,0,0,0,0,0,0,0,0,0,0,3,0,0,2,0
9,7,0,0,0,0,0,0,2,0,0,0,0,0,1,0,0,0,0,0,0,0,0,3,0,0,1
9,8,0,0,0,0,0,0,0,0,0,0,0,0,0,0,0,0,0,0,0,0,0,0,0,0,1
9,9,0,0,3,0,0,0,0,0,0,0,0,0,0,0,0,0,0,0,0,0,0,0,0,0,0
9,10,0,0,3,0,0,0,0,2,0,0,0,0,0,0,4,0,0,0,0,3,0,2,2,5,0
9,11,0,0,0,0,0,0,4,0,0,0,0,0,0,0,2,0,0,0,0,0,0,0,0,0,0
9,12,0,0,10,0,2,0,0,0,0,0,0,0,0,0,0,3,0,6,0,0,0,0,0,0,0
9,13,0,0,0,0,0,0,0,0,0,2,0,0,0,0,3,0,0,0,0,0,0,0,0,2,2
9,14,0,0,0,0,0,6,0,0,4,0,0,0,0,0,0,0,0,2,0,0,0,0,0,0,2
9,15,0,0,0,0,0,0,0,0,3,0,4,2,0,0,0,0,3,0,0,0,0,0,6,0,0
9,16,0,0,0,0,0,0,0,0,4,0,0,0,0,0,0,0,0,0,0,2,0,3,0,0,0
9,17,0,0,0,0,0,0,0,0,0,0,0,0,0,0,0,5,0,3,0,2,0,6,6,0,0
9,18,0,0,2,0,0,0,0,0,0,0,0,0,0,0,0,0,7,0,0,0,0,0,0,0,0
9,19,0,0,0,0,4,0,2,0,0,0,2,0,6,2,0,2,0,0,0,2,0,0,0,0,0
9,20,4,0,0,2,2,0,0,0,0,0,0,0,0,2,0,0,0,0,0,3,0,0,0,0,0
9,21,0,0,3,1,0,0,0,0,0,0,0,3,0,0,0,2,0,0,0,0,0,0,5,0,0
9,22,0,0,0,0,0,0,7,0,0,0,0,0,0,0,0,0,0,0,0,5,0,0,0,0,0
9,23,1,0,0,0,1,0,0,0,0,0,0,6,0,0,0,0,0,0,0,0,0,0,0,0,0
10,0,0,0,2,0,0,0,0,0,0,0,0,10,0,2,0,0,0,0,2,0,0,2,1,4,0
10,1,0,0,0,0,0,0,0,0,0,0,0,4,5,0,0,0,0,0,0,0,0,0,0,0,0
10,2,0,0,0,0,0,0,0,0,0,0,0,0,0,10,2,0,0,0,0,0,2,0,0,0,0
10,3,0,0,0,0,0,0,0,0,0,0,0,0,0,0,0,0,0,0,0,0,0,0,0,0,0
10,4,0,0,0,0,0,0,8,0,0,0,0,0,0,0,0,0,0,0,0,0,0,0,0,0,0
10,5,4,0,0,0,0,0,0,0,0,4,0,0,0,0,0,0,0,0,0,0,0,0,0,0,0
10,6,0,0,0,0,0,0,0,0,0,0,0,0,0,0,0,0,0,0,0,0,0,0,8,2,0
10,7,0,0,0,0,0,0,0,0,2,0,0,0,0,6,0,4,0,0,0,0,0,0,0,2,2
10,8,0,0,0,0,0,0,2,0,2,2,0,5,0,1,4,2,1,2,2,3,0,0,2,0,0
10,9,0,2,2,0,0,0,5,0,0,3,0,0,0,0,4,2,0,3,0,2,0,0,0,2,0
10,10,10,0,0,0,0,0,0,0,0,0,0,0,0,0,4,0,0,0,0,2,0,0,0,0,0
10,11,4,0,0,0,0,0,1,0,3,0,0,0,0,0,0,0,0,2,0,0,0,0,0,0,0
10,12,0,0,0,2,2,0,0,0,8,0,2,2,0,0,0,4,0,0,0,0,0,4,0,0,0
10,13,0,0,4,0,0,0,0,0,0,0,0,2,0,0,0,0,0,0,2,0,2,0,0,0,3
10,14,0,0,0,0,0,0,0,0,6,0,3,0,0,0,0,0,3,0,2,0,0,2,0,0,0
10,15,0,0,0,0,0,0,0,0,0,0,2,0,0,0,3,0,2,0,2,2,0,3,1,0,0
10,16,0,0,0,0,0,0,0,0,0,0,2,0,0,3,0,0,0,0,0,6,0,0,0,0,0
10,17,0,0,0,5,0,0,2,0,2,0,3,0,3,0,2,0,0,0,0,0,0,0,0,0,0
10,18,0,0,0,0,0,0,0,0,2,0,0,0,4,0,0,0,0,1,0,0,0,0,0,3,0
10,19,0,0,0,3,3,2,0,0,0,0,8,0,0,0,0,0,0,2,0,2,0,0,2,0,0
10,20,2,0,0,3,0,0,0,0,0,0,0,0,2,7,2,0,0,0,0,0,0,0,0,2,0
10,21,0,0,0,0,0,0,0,6,0,0,0,0,0,0,0,2,0,0,0,0,0,0,6,0,1
10,22,0,0,11,0,8,0,3,0,0,0,0,0,0,0,0,6,0,0,0,0,0,0,8,0,0
10,23,0,0,0,0,0,0,0,0,0,0,0,0,0,3,0,2,8,3,3,0,4,0,0,0,0
11,0,0,0,0,0,2,0,0,0,1,0,0,0,0,2,0,0,0,0,0,0,0,0,0,0,0
11,1,0,0,0,0,0,0,0,0,0,0,0,0,0,0,0,0,0,0,0,0,3,0,0,0,0
11,2,2,0,0,0,0,0,0,0,0,0,0,0,0,0,0,0,0,0,0,10,0,0,0,0,0
11,3,0,0,0,0,0,0,0,0,0,2,0,0,0,0,0,0,0,0,0,0,0,0,0,0,0
11,4,0,0,0,6,0,0,0,0,0,0,0,0,0,0,0,0,0,0,0,2,0,0,0,0,0
11,5,0,0,0,0,0,0,0,0,4,0,0,0,0,0,0,0,0,2,2,13,0,3,0,0,0
11,6,0,2,0,0,0,0,12,0,0,0,0,0,0,0,0,0,0,0,0,0,0,2,0,0,4
11,7,2,3,0,0,0,0,0,0,0,0,0,0,1,0,2,0,0,0,0,0,0,0,0,0,0
11,8,0,0,0,0,0,0,2,0,0,0,2,0,2,0,0,3,0,0,0,0,0,0,0,0,0
11,9,0,0,0,0,0,0,0,0,4,0,0,0,0,1,0,0,0,3,0,0,0,0,0,0,0
11,10,0,0,0,0,0,0,0,2,0,2,0,0,0,0,0,0,0,0,4,4,0,2,0,2,9
11,11,0,2,0,2,0,0,0,0,0,0,0,0,0,0,6,0,2,0,3,3,0,0,0,3,0
11,12,2,0,0,0,0,0,0,0,0,1,2,0,3,0,0,0,0,0,0,0,0,0,2,0,0
11,13,0,0,0,2,0,0,0,0,0,0,0,0,0,10,0,0,0,0,0,2,0,0,0,0,0
11,14,0,0,0,0,0,0,0,0,2,1,0,0,0,0,0,0,0,3,0,0,0,0,5,4,0
11,15,2,0,0,0,0,0,0,0,0,0,0,3,0,0,0,0,0,0,0,2,0,0,0,0,0
11,16,0,0,2,0,0,0,0,0,0,0,0,0,0,0,0,0,0,0,0,10,0,0,0,0,0
11,17,2,5,0,0,0,0,0,0,2,0,0,0,0,0,0,3,0,0,0,0,0,0,0,0,2
11,18,0,0,0,0,0,2,3,0,0,0,0,1,0,0,3,0,0,0,0,0,0,0,2,0,5
11,19,2,2,3,0,0,0,0,0,0,0,0,2,2,0,0,0,2,0,0,0,3,0,2,0,0
11,20,0,3,4,0,2,2,2,0,0,0,0,0,0,4,0,0,0,6,0,0,6,2,2,0,0
11,21,0,0,0,0,0,0,0,0,0,0,3,2,0,0,0,0,0,0,0,0,0,0,3,0,0
11,22,0,0,0,0,0,0,0,2,0,0,0,0,0,2,0,6,0,0,0,2,0,0,0,0,0
11,23,0,0,0,4,0,0,0,0,0,0,3,3,2,0,0,0,0,0,0,0,0,0,0,0,0
12,0,0,0,0,0,0,0,0,3,0,0,0,0,0,0,0,4,0,3,4,8,0,0,0,0,0
12,1,2,0,0,0,0,3,0,0,0,0,0,0,0,0,0,0,0,0,0,0,0,0,0,0,0
12,2,0,2,0,3,2,0,0,0,0,0,0,0,0,0,1,2,0,0,0,0,0,0,0,2,0
12,3,0,0,0,0,0,0,0,0,0,0,0,0,0,0,0,0,0,0,0,0,0,2,0,0,0
12,4,0,0,0,1,0,0,0,0,0,0,0,0,2,0,2,0,0,0,0,0,0,0,0,0,0
12,5,0,0,2,0,0,0,0,0,0,2,0,0,0,0,0,0,0,4,0,0,0,0,0,0,0
12,6,2,0,0,4,0,0,0,0,0,2,0,0,0,0,0,0,0,1,0,3,0,0,0,0,0
12,7,0,0,0,3,0,0,3,0,2,0,2,0,0,0,0,0,0,0,0,0,0,4,0,0,0
12,8,0,4,0,0,0,0,0,0,0,2,0,2,0,0,0,2,0,0,3,0,0,0,0,1,0
12,9,7,0,0,0,3,0,0,0,0,0,0,0,0,0,0,6,0,1,0,0,0,0,0,0,0
12,10,0,0,0,0,0,0,0,0,0,0,7,0,0,0,0,0,0,2,0,0,0,0,0,0,0
12,11,0,0,0,0,0,0,0,0,0,0,2,0,0,0,11,0,0,2,0,0,0,3,0,2,0
12,12,5,0,2,2,0,0,0,0,0,0,0,0,0,0,1,0,0,1,0,2,0,0,0,0,0
12,13,0,0,0,0,0,0,0,0,0,0,0,0,2,0,0,0,0,0,3,0,0,0,0,0,0
12,14,0,0,0,0,0,0,0,0,0,0,4,0,0,2,0,0,0,2,2,0,0,0,0,0,0
12,15,0,0,0,0,4,0,4,0,0,0,0,0,0,0,0,0,8,2,0,0,2,0,0,0,3
12,16,2,1,0,0,0,0,0,0,5,1,2,0,0,0,2,0,0,0,3,0,10,4,0,0,0
12,17,2,0,0,1,0,0,2,0,2,0,2,0,0,1,0,0,0,0,0,0,0,0,2,0,0
12,18,0,3,0,0,0,0,0,0,0,0,0,0,0,0,0,2,0,2,0,2,0,0,0,0,0
12,19,4,0,2,0,0,0,5,0,0,2,0,0,0,2,2,0,0,0,0,0,0,5,0,0,0
12,20,2,0,0,0,0,0,2,0,2,0,0,0,0,0,0,0,0,0,0,4,0,0,0,0,0
12,21,0,7,0,0,0,0,0,0,2,0,0,0,4,0,2,0,0,0,0,0,0,0,0,0,0
12,22,3,3,0,0,0,0,0,0,0,0,0,0,0,0,0,0,2,0,0,3,0,0,0,0,0
12,23,3,0,0,0,0,0,0,0,0,0,0,2,4,0,2,0,0,10,0,0,0,0,0,0,0
13,0,0,0,0,0,0,0,0,0,0,0,0,0,4,0,0,0,2,0,2,4,0,0,0,0,0
13,1,0,0,0,0,0,0,0,0,0,0,0,0,0,0,0,0,2,0,0,2,0,0,0,0,0
13,2,10,0,0,0,0,0,0,0,0,0,0,0,2,0,0,0,0,5,0,0,0,0,0,0,0
13,3,0,2,0,0,0,0,0,0,0,0,0,0,0,3,0,0,0,0,2,0,0,0,0,0,0
13,4,0,0,0,0,0,0,0,0,0,0,0,0,0,0,2,0,0,0,0,0,0,0,0,0,0
13,5,0,0,0,0,0,0,0,0,0,0,3,0,0,0,0,0,0,0,0,0,0,0,0,0,0
13,6,0,0,0,0,0,3,4,0,0,0,0,0,0,0,3,0,0,0,0,6,0,0,0,0,0
13,7,0,0,0,0,0,0,0,0,0,0,0,2,0,2,0,0,0,0,0,0,0,0,0,0,0
13,8,0,2,0,0,0,0,0,2,0,3,0,0,2,0,1,4,0,2,2,2,0,2,0,0,0
13,9,0,0,0,0,0,0,0,0,0,0,0,0,0,0,8,2,0,0,3,0,0,0,0,0,2
13,10,0,0,0,0,0,0,0,0,0,0,0,0,0,0,3,0,0,0,0,0,3,0,0,0,0
13,11,2,0,0,0,0,0,2,0,0,0,0,0,0,0,0,0,2,0,0,0,2,0,2,0,2
13,12,0,0,0,0,0,0,0,0,0,0,0,0,0,4,2,0,0,0,0,0,0,0,0,0,0
13,13,0,0,0,0,0,0,0,0,0,0,0,0,0,6,0,0,0,0,0,0,0,0,0,0,6
13,14,0,0,0,0,0,0,0,0,14,0,0,0,3,0,0,0,0,0,0,2,2,0,0,0,0
13,15,0,0,0,0,0,0,3,0,0,0,2,0,0,0,2,0,0,2,0,4,2,0,0,0,2
13,16,0,0,0,0,0,0,0,0,0,0,0,0,6,0,0,0,0,2,0,0,0,0,2,0,0
13,17,3,3,0,0,0,0,2,0,2,3,2,0,2,0,3,0,0,0,0,0,0,0,3,0,0
13,18,5,2,0,0,0,0,3,0,0,0,2,0,3,0,0,0,0,2,0,2,0,0,0,0,0
13,19,2,0,0,0,2,0,0,0,0,0,1,0,0,0,3,0,0,0,0,0,0,0,0,0,0
13,20,2,2,0,0,0,0,0,0,2,6,0,0,0,0,0,6,0,0,0,2,0,2,0,2,1
13,21,0,0,0,0,0,0,0,0,0,0,0,0,2,0,0,0,0,0,3,0,0,0,0,0,0
13,22,0,5,0,0,0,0,0,0,5,0,1,0,0,3,0,0,0,2,0,18,0,0,0,0,0
13,23,2,0,0,0,0,0,0,0,0,0,0,0,2,0,0,0,0,2,2,0,0,0,4,0,0
14,0,0,0,0,0,0,0,0,0,0,0,0,0,0,0,0,0,0,2,0,6,0,0,0,0,0
14,1,2,0,0,0,0,0,0,3,0,0,0,0,0,0,0,0,0,0,0,0,3,0,0,3,0
14,2,0,0,0,2,5,0,0,9,4,0,3,0,0,0,0,0,0,0,0,0,0,0,0,0,0
14,3,0,0,0,0,0,0,0,0,0,0,0,0,0,0,0,0,0,0,0,0,0,0,0,0,0
14,4,5,0,0,0,0,6,0,0,0,0,0,3,0,0,0,0,0,0,0,0,0,0,0,0,0
14,5,0,0,0,0,0,0,0,0,0,0,0,0,0,0,0,0,0,0,0,0,0,0,0,0,0
14,6,0,0,0,0,3,0,0,0,0,0,0,0,2,0,0,0,0,0,0,5,0,2,0,0,0
14,7,0,3,0,0,0,0,0,2,0,0,0,0,0,0,0,0,2,4,0,0,0,0,0,0,0
14,8,0,0,0,0,0,0,4,0,0,0,0,0,0,2,0,0,0,6,0,0,0,0,0,0,0
14,9,3,0,0,0,0,0,2,0,0,0,0,0,0,0,0,0,0,2,0,0,0,3,0,0,0
14,10,2,0,0,0,2,0,0,0,0,0,0,0,0,3,3,0,0,0,0,0,4,0,0,0,0
14,11,0,0,0,0,0,0,0,0,0,0,0,0,0,0,0,0,0,0,0,0,2,0,0,2,0
14,12,0,0,0,0,0,0,0,0,0,0,0,0,0,2,0,0,0,0,0,0,2,0,0,0,0
14,13,0,3,2,2,0,0,3,0,0,0,0,0,0,0,0,0,2,0,0,0,0,0,0,0,0
14,14,2,0,0,0,0,0,0,0,0,0,0,0,0,0,0,0,0,0,0,0,0,0,0,0,0
14,15,0,0,0,0,0,0,0,0,11,0,2,0,0,0,0,0,2,2,0,0,0,0,0,0,0
14,16,0,0,0,0,0,0,0,0,0,0,4,0,2,0,2,0,2,0,0,7,0,0,0,0,0
14,17,2,0,0,0,0,0,0,0,0,0,0,0,2,0,0,0,1,6,4,0,1,0,0,0,3
14,18,2,0,6,0,3,3,0,2,2,0,0,0,0,0,0,0,0,0,2,0,2,0,0,4,9
14,19,7,0,0,0,0,0,0,0,0,0,4,0,0,0,3,0,5,2,0,0,6,0,0,0,0
14,20,0,0,0,3,0,0,0,0,0,0,0,0,0,5,0,0,0,2,0,8,0,2,0,0,2
14,21,0,1,0,0,3,2,0,0,2,2,0,2,0,0,0,0,0,0,0,2,0,0,0,0,0
14,22,6,0,0,0,2,0,0,0,0,0,0,0,8,0,0,0,0,0,0,3,0,0,0,0,0
14,23,6,0,0,7,8,0,0,2,0,0,0,0,0,0,6,0,0,0,0,2,0,0,0,0,0
15,0,2,0,0,0,2,0,2,0,0,0,0,0,0,0,0,0,0,3,0,0,0,0,0,0,0
15,1,0,0,0,0,0,3,0,0,0,5,0,0,5,0,0,0,0,0,0,0,0,3,0,0,0
15,2,8,0,0,0,0,0,2,11,0,0,0,3,0,0,0,0,0,0,0,0,4,0,2,0,0
15,3,0,0,0,0,0,0,2,0,0,0,0,0,2,0,0,0,2,0,0,0,0,0,0,0,0
15,4,0,0,0,0,2,0,0,0,0,0,0,0,0,0,0,0,0,0,0,0,3,0,0,0,0
15,5,0,0,0,0,0,0,5,2,0,0,0,0,0,0,4,0,0,0,0,0,0,0,1,0,0
15,6,0,1,5,0,0,0,0,0,0,0,0,0,0,0,0,0,0,0,0,0,0,0,2,0,0
15,7,0,0,0,0,0,0,0,0,0,0,0,0,0,0,0,0,0,0,0,0,0,0,0,0,0
15,8,0,0,0,0,0,0,5,0,0,0,0,0,0,0,0,0,2,0,0,0,0,0,2,0,0
15,9,0,0,0,0,0,0,0,0,0,0,1,0,0,0,5,0,2,8,0,0,0,0,0,0,0
15,10,4,0,0,0,2,0,0,2,0,0,0,0,0,0,2,0,0,0,2,0,0,0,0,0,0
15,11,3,0,0,0,0,3,0,0,0,0,0,3,0,0,0,0,7,2,0,0,0,0,4,0,0
15,12,0,9,0,3,0,2,3,0,0,0,2,0,0,0,0,0,0,0,0,11,0,0,0,0,0
15,13,0,0,0,0,0,0,0,0,5,0,0,0,4,4,18,0,0,0,0,0,0,0,0,0,0
15,14,6,0,0,0,0,0,0,0,0,0,2,0,0,0,0,0,2,0,0,2,0,2,0,0,0
15,15,2,2,0,0,0,3,3,0,0,0,0,0,0,0,0,0,0,0,0,2,0,0,0,0,0
15,16,0,2,0,0,0,0,0,0,0,0,5,3,0,0,0,0,0,0,0,17,0,7,0,0,6
15,17,0,3,0,2,0,0,1,0,0,0,0,0,0,0,2,0,0,0,0,2,0,3,0,2,0
15,18,4,0,0,0,2,0,0,0,2,0,10,0,0,0,0,0,0,2,0,0,0,2,0,0,0
15,19,0,0,0,2,0,0,0,0,0,3,0,0,0,0,0,0,0,8,0,0,0,0,0,0,2
15,20,0,0,0,0,0,0,0,0,2,0,0,0,3,0,6,0,0,0,0,0,0,0,0,0,0
15,21,0,0,0,0,0,0,0,3,0,0,0,2,0,0,0,0,0,7,0,0,0,0,0,0,0
15,22,0,0,2,0,0,0,4,3,6,0,0,0,0,0,0,0,0,0,0,0,0,0,0,0,0
15,23,2,0,0,0,0,3,4,0,0,0,0,0,0,0,3,0,0,0,0,0,2,0,0,0,2
16,0,0,0,0,0,0,0,0,0,0,0,0,0,0,0,0,0,0,0,2,4,0,0,0,0,4
16,1,0,0,0,0,0,4,0,0,0,0,0,0,1,0,0,0,3,0,0,5,0,0,0,0,0
16,2,0,0,0,0,0,0,0,0,0,0,0,0,0,0,0,0,7,0,0,0,0,0,0,0,3
16,3,2,0,0,0,0,0,0,0,0,0,0,0,4,0,0,0,0,0,0,0,0,0,0,0,0
16,4,0,0,0,0,0,0,0,0,0,0,0,0,0,0,0,5,0,0,0,0,0,0,0,0,0
16,5,0,0,0,0,0,0,0,0,3,0,0,0,0,0,0,0,0,0,0,2,0,3,0,0,0
16,6,0,0,0,0,0,0,0,0,7,8,0,0,0,8,0,0,0,2,0,0,0,0,0,0,0
16,7,0,0,0,0,0,0,3,0,0,0,0,0,0,0,0,0,0,0,0,0,0,0,0,0,0
16,8,0,0,0,0,0,0,0,0,2,0,0,0,0,0,0,0,0,0,0,0,0,0,0,0,0
16,9,0,0,0,0,2,0,0,0,0,0,0,0,0,0,0,3,0,0,0,0,0,0,0,0,0
16,10,0,0,0,0,0,0,0,0,0,0,0,1,0,0,0,0,6,0,0,0,0,0,0,0,0
16,11,0,0,0,1,0,0,0,0,2,0,0,2,4,0,2,2,2,0,0,3,0,0,0,1,2
16,12,0,0,0,0,0,0,0,0,0,0,0,0,0,0,0,2,0,4,0,0,0,0,0,0,0
16,13,3,0,0,0,0,0,0,0,0,0,0,0,1,0,0,0,0,0,0,0,0,0,0,0,0
16,14,0,2,4,0,0,0,0,0,0,0,0,0,0,0,4,0,0,0,0,0,0,0,0,0,2
16,15,0,0,0,1,2,0,2,0,0,0,0,0,0,0,0,0,4,0,0,6,0,0,0,0,1
16,16,0,0,0,4,0,3,3,0,0,2,7,3,0,0,13,0,0,0,0,2,0,0,0,0,4
16,17,0,0,0,0,0,0,1,0,0,0,0,0,0,0,0,0,4,0,0,2,0,0,0,2,0
16,18,0,0,4,0,2,0,0,0,0,0,1,0,3,0,0,0,0,0,0,0,0,0,6,0,0
16,19,8,0,0,0,0,0,0,0,0,0,0,0,0,0,0,0,0,0,0,0,0,0,0,0,0
16,20,0,0,0,0,0,0,3,0,0,0,0,0,0,0,1,0,0,3,0,0,0,0,0,0,0
16,21,0,0,0,0,0,0,0,0,0,1,0,0,0,0,0,0,0,0,0,2,0,1,0,0,0
16,22,0,0,0,0,0,0,0,0,0,0,0,0,3,5,0,0,2,0,0,0,0,0,0,0,0
16,23,0,0,0,0,0,0,0,0,0,0,0,4,5,0,0,0,0,0,0,0,0,0,0,0,0
17,0,0,0,2,0,0,0,0,0,0,0,0,0,0,0,0,0,0,0,0,0,0,0,0,0,3
17,1,0,0,1,0,0,0,0,0,0,0,0,0,4,0,0,0,0,0,0,0,0,0,0,0,0
17,2,0,0,0,0,0,0,0,0,0,0,0,0,0,0,0,0,0,0,0,0,0,0,0,0,0
17,3,0,0,0,0,0,0,0,0,0,0,0,0,0,0,0,0,0,0,0,0,0,0,0,0,0
17,4,0,0,0,0,0,0,0,0,0,0,0,0,0,0,0,0,0,0,0,0,0,0,0,0,0
17,5,0,0,0,2,0,0,0,0,0,0,0,0,0,0,0,0,0,0,0,0,0,0,0,0,0
17,6,0,0,0,0,0,0,0,0,0,0,0,0,3,0,7,0,0,0,5,0,0,0,0,0,0
17,7,0,2,2,0,4,3,2,0,0,0,0,0,0,0,0,0,0,0,0,0,0,0,2,0,0
17,8,0,2,2,0,0,0,0,0,0,2,2,3,2,0,1,0,2,4,0,2,0,0,0,0,0
17,9,0,0,2,0,0,2,0,5,0,0,0,0,0,0,0,0,0,0,0,6,0,0,0,0,0
17,10,0,0,0,0,0,0,8,0,2,0,0,0,0,0,0,7,2,0,2,0,0,0,0,0,0
17,11,0,2,0,0,0,3,0,0,0,0,7,0,0,0,0,0,0,0,0,0,0,0,0,0,4
17,12,0,0,0,2,0,0,0,0,1,0,0,0,0,0,0,0,0,0,0,0,2,0,0,0,0
17,13,0,0,0,0,0,0,0,0,0,0,0,1,0,0,0,2,0,1,0,6,0,0,0,0,0
17,14,0,0,0,0,0,0,0,0,0,0,0,3,0,0,0,0,0,0,0,2,0,2,0,0,1
17,15,0,0,0,0,2,0,4,0,2,0,0,0,0,0,7,0,0,0,6,0,0,0,6,3,0
17,16,0,0,2,3,0,0,2,0,0,0,0,0,0,2,3,0,2,4,0,0,0,2,0,0,0
17,17,6,0,2,0,0,0,0,0,0,0,2,0,1,2,0,0,0,0,0,0,0,2,0,0,0
17,18,0,0,2,0,0,0,0,0,3,0,0,0,0,0,1,0,0,2,0,4,0,0,0,0,0
17,19,3,0,0,1,0,0,0,0,2,0,3,3,4,1,0,0,4,4,0,0,0,0,0,2,1
17,20,0,0,0,0,0,0,0,0,0,0,0,0,0,0,0,0,0,2,0,0,0,0,0,0,0
17,21,4,0,0,0,0,0,0,0,0,0,0,0,0,0,4,0,0,0,0,0,0,0,0,2,0
17,22,0,0,0,9,0,0,0,0,0,0,0,5,0,0,0,4,0,0,0,0,0,0,4,0,0
17,23,4,2,0,0,6,0,0,0,0,0,0,0,0,0,0,2,2,0,0,0,0,0,3,0,0
18,0,2,0,0,0,0,0,2,0,0,0,0,0,0,0,6,0,0,0,9,0,0,0,0,0,0
18,1,0,0,0,0,0,6,0,0,0,0,0,0,0,0,0,0,3,0,0,0,0,0,0,0,0
18,2,0,0,0,4,0,0,0,0,0,0,0,0,7,0,6,0,0,0,0,0,0,0,0,0,0
18,3,0,2,0,0,0,0,0,0,0,0,0,0,0,0,0,0,0,0,0,0,0,0,0,0,1
18,4,0,0,0,0,0,0,0,0,0,0,0,0,0,0,0,0,0,0,0,0,0,0,0,0,0
18,5,0,1,0,0,0,0,0,0,0,0,0,0,0,0,0,0,0,0,0,0,0,0,0,0,0
18,6,0,0,0,0,0,0,0,0,0,0,0,0,0,0,0,0,0,0,0,0,0,5,0,0,2
18,7,2,0,0,0,0,4,0,0,0,0,0,0,0,0,2,0,0,0,0,0,0,0,0,3,0
18,8,6,0,0,0,0,2,0,2,0,4,4,0,0,0,2,0,0,0,0,13,0,0,0,0,0
18,9,4,10,0,0,3,0,0,0,2,0,0,4,0,2,0,0,0,0,2,0,2,0,1,0,0
18,10,10,0,0,0,0,0,0,0,0,0,0,0,0,2,0,0,0,0,0,0,0,0,0,0,0
18,11,0,2,0,0,0,0,2,0,0,0,0,0,0,0,0,0,0,0,0,0,0,0,0,2,0
18,12,0,0,3,2,0,0,2,0,0,0,0,0,0,0,0,0,0,0,0,2,0,2,0,0,0
18,13,0,2,0,0,0,0,0,0,0,0,0,0,0,0,0,0,2,0,0,0,0,0,0,0,0
18,14,2,2,0,0,0,0,0,0,2,1,0,0,0,0,2,0,0,4,0,0,0,0,0,0,0
18,15,0,0,0,0,0,2,0,3,0,0,2,0,0,0,2,0,0,3,0,0,0,0,0,3,0
18,16,0,0,0,0,0,0,8,0,0,1,0,0,0,0,3,0,6,0,0,2,0,0,0,0,0
18,17,2,0,2,0,0,4,0,5,2,0,3,0,0,0,2,0,0,3,0,0,0,0,0,0,0
18,18,2,2,0,0,0,0,0,0,0,0,0,0,0,0,4,0,0,0,0,0,0,0,0,0,0
18,19,0,0,2,4,0,0,0,2,0,0,0,0,0,0,4,0,0,0,2,0,0,0,0,0,3
18,20,0,0,0,0,0,0,0,0,5,0,0,0,2,0,0,0,0,0,0,0,0,0,0,0,0
18,21,0,0,4,0,0,0,0,0,0,0,0,0,0,0,0,2,0,0,0,0,0,5,3,4,0
18,22,0,0,0,0,0,0,0,0,0,0,0,0,2,0,0,0,0,0,4,0,2,2,0,0,3
18,23,4,0,0,0,0,0,0,0,0,0,0,0,0,0,3,0,3,0,0,3,0,2,2,0,0
19,0,1,0,0,0,0,0,0,0,3,4,0,0,0,0,0,0,0,0,0,0,0,0,0,0,0
19,1,0,0,0,0,0,0,0,0,0,0,0,0,0,0,0,0,0,0,0,0,0,0,2,0,0
19,2,0,0,0,0,0,0,0,6,0,0,0,4,0,0,0,0,0,0,0,0,0,0,0,6,0
19,3,0,2,0,0,0,0,0,0,0,0,0,0,0,0,0,0,0,1,0,0,0,0,0,2,0
19,4,0,0,0,0,2,0,0,0,0,0,0,0,0,0,0,3,0,0,0,0,0,0,0,0,1
19,5,0,0,2,0,0,0,0,0,0,0,0,0,0,0,0,0,0,0,0,2,0,0,0,0,0
19,6,0,3,0,0,0,0,0,0,0,0,0,0,0,0,0,0,0,0,0,0,0,0,0,0,0
19,7,0,0,0,0,0,2,0,0,0,0,0,0,4,0,0,2,0,30,0,0,2,0,0,0,4
19,8,0,0,0,0,0,3,0,0,0,0,0,2,0,0,2,0,0,0,0,4,0,0,0,0,0
19,9,2,2,0,0,0,0,0,0,0,0,2,0,0,0,0,0,0,0,0,0,0,0,2,0,0
19,10,0,0,0,0,0,0,0,0,0,0,3,0,0,0,2,0,0,0,0,0,0,0,0,0,0
19,11,0,2,0,0,0,0,0,0,0,0,3,0,0,0,3,0,2,0,0,0,0,0,0,0,2
19,12,2,0,2,0,0,4,0,0,0,0,0,0,6,2,4,0,2,2,0,0,0,1,0,6,2
19,13,3,0,0,0,0,0,0,0,3,0,4,2,0,3,2,0,0,6,0,0,4,0,0,0,0
19,14,3,0,0,0,0,2,0,0,6,0,0,0,0,0,0,2,0,3,0,0,0,0,0,0,0
19,15,0,0,0,2,0,0,0,0,0,0,0,0,0,0,0,0,0,16,0,0,0,0,0,0,2
19,16,0,0,0,3,2,0,0,0,0,0,2,1,0,1,0,0,0,1,2,0,0,3,0,0,0
19,17,4,1,0,0,1,0,0,0,0,0,0,0,2,0,0,0,0,0,0,0,0,5,0,0,3
19,18,5,2,0,0,0,2,0,0,0,0,0,3,6,0,0,0,0,0,4,2,0,2,0,0,0
19,19,2,0,0,0,0,0,3,0,0,0,2,0,0,0,0,0,7,0,0,2,0,2,0,3,0
19,20,0,0,2,0,0,0,0,0,0,0,1,1,0,0,0,0,0,0,0,2,2,0,0,0,3
19,21,0,2,2,0,0,0,3,0,0,0,0,2,0,3,9,0,3,0,0,5,0,0,0,0,12
19,22,0,0,8,0,0,0,0,0,4,0,0,0,0,0,0,2,0,4,0,0,0,0,4,2,0
19,23,0,0,0,0,0,0,0,0,0,0,0,2,0,0,0,3,0,0,0,2,0,0,3,3,0
20,0,5,0,0,0,0,2,0,0,0,0,0,0,0,0,0,0,0,0,0,0,11,0,0,0,2
20,1,2,0,0,0,0,0,0,3,0,0,0,0,0,0,0,0,0,0,0,0,0,0,0,0,0
20,2,0,0,0,0,0,0,0,0,0,0,0,0,9,0,0,0,0,0,0,0,0,0,0,0,0
20,3,0,0,0,0,0,0,0,0,0,0,0,0,0,2,0,0,0,0,3,0,0,0,0,0,0
20,4,0,0,0,0,0,0,0,0,0,0,0,0,0,0,0,0,0,0,0,0,0,2,0,0,0
20,5,2,0,0,0,4,0,0,0,0,0,0,0,0,0,0,0,0,0,0,0,0,2,0,0,0
20,6,0,0,2,0,0,0,0,0,0,0,1,2,0,0,0,0,0,0,0,0,0,0,0,0,0
20,7,2,0,0,0,0,2,0,0,0,0,0,4,0,0,1,0,0,2,0,0,0,5,0,0,0
20,8,0,0,0,3,0,0,0,2,0,0,0,0,11,0,0,2,0,0,0,0,2,0,0,0,0
20,9,0,0,0,0,0,0,0,0,3,0,3,0,0,0,2,0,0,3,0,2,0,0,0,0,0
20,10,3,0,0,0,0,0,0,0,0,0,0,0,2,0,0,0,3,0,3,0,0,0,0,0,0
20,11,0,2,0,0,0,0,0,0,0,0,0,0,2,0,0,0,0,0,0,3,0,0,0,0,2
20,12,0,0,0,6,0,0,6,0,0,0,0,0,0,0,2,19,0,0,0,0,0,0,2,0,2
20,13,0,0,0,0,0,0,0,0,0,0,1,0,0,0,0,0,0,0,0,0,0,4,0,0,0
20,14,2,0,0,0,0,0,0,0,0,0,0,3,5,0,0,0,4,3,0,0,0,0,0,0,2
20,15,3,0,0,2,0,0,0,0,3,0,0,2,0,0,2,3,0,4,0,0,0,0,0,0,3
20,16,0,2,0,0,3,0,2,0,0,0,0,1,0,0,0,0,0,0,0,0,2,0,2,0,0
20,17,0,4,0,0,0,0,4,0,0,0,0,0,3,0,0,2,1,0,0,0,0,0,0,0,0
20,18,0,0,2,2,2,6,3,0,0,3,0,0,0,0,4,2,0,2,0,4,0,0,0,0,0
20,19,6,0,0,0,0,0,6,0,0,0,0,0,2,0,9,0,0,3,0,10,4,0,0,0,0
20,20,17,0,0,2,0,0,0,0,2,0,0,6,0,0,0,0,0,4,0,3,0,0,0,0,0
20,21,0,3,0,0,0,0,0,0,0,0,0,0,2,0,0,0,0,0,2,0,0,2,0,0,0
20,22,25,0,0,0,0,0,0,0,0,0,0,2,0,0,0,0,4,2,0,1,0,0,0,0,0
20,23,4,5,0,4,0,0,0,0,6,0,7,0,0,0,0,0,0,0,0,0,0,0,0,0,0
21,0,0,0,0,0,0,0,0,0,0,0,0,2,0,0,0,0,0,0,0,2,0,0,0,0,0
21,1,0,0,0,0,5,0,0,0,9,0,2,2,0,0,0,0,0,2,0,0,0,0,0,0,0
21,2,0,0,0,0,0,0,0,4,0,0,0,0,0,0,0,0,4,2,0,0,0,0,0,3,0
21,3,0,0,0,0,0,0,3,0,0,0,0,0,0,0,0,0,0,0,0,4,0,0,0,0,0
21,4,2,0,0,0,0,0,0,0,0,0,0,0,0,0,7,0,0,0,0,5,0,0,0,0,6
21,5,0,0,3,3,3,0,0,0,0,0,0,0,0,0,0,0,0,0,0,0,0,0,0,0,0
21,6,0,0,0,0,0,0,0,0,0,0,0,0,0,0,2,0,0,0,0,2,0,0,3,5,0
21,7,0,2,0,0,0,2,0,0,0,0,0,0,2,3,0,0,0,0,0,2,0,0,0,0,0
21,8,2,6,0,0,0,0,0,0,0,0,0,0,2,0,2,0,2,0,0,0,0,4,0,0,0
21,9,2,0,0,0,0,0,0,0,0,0,2,0,0,0,4,0,0,3,0,7,2,0,0,0,0
21,10,0,0,0,0,0,0,3,0,0,0,0,0,0,0,3,0,0,0,0,0,0,1,0,0,0
21,11,11,0,0,3,0,0,0,0,7,0,0,0,0,0,0,0,0,0,0,0,0,0,0,3,0
21,12,0,0,0,0,0,0,0,0,0,0,0,0,0,0,3,0,0,2,0,0,0,0,0,0,3
21,13,4,4,0,0,0,0,0,2,0,0,0,0,0,0,4,0,2,5,0,0,0,0,0,0,0
21,14,0,0,0,0,0,0,0,0,0,0,0,0,0,0,4,0,0,0,0,3,0,0,0,5,0
21,15,2,0,0,0,0,0,0,0,0,0,0,0,0,0,0,0,0,0,0,0,0,0,0,2,0
21,16,0,0,0,2,3,3,2,0,0,0,0,3,4,0,0,2,0,0,2,0,0,0,0,0,0
21,17,0,1,0,0,0,0,0,0,0,0,0,0,0,0,0,0,0,0,3,0,3,0,2,0,0
21,18,0,0,0,2,4,0,0,0,2,0,2,0,0,0,2,0,0,3,0,3,0,0,0,0,3
21,19,0,0,0,0,0,0,0,0,0,0,0,4,0,0,4,0,0,0,0,0,0,0,0,0,4
21,20,0,0,0,0,0,2,0,0,2,0,0,4,0,2,0,0,0,0,0,6,0,3,0,0,0
21,21,2,12,0,6,0,0,0,0,0,1,2,2,0,0,0,0,0,0,0,0,0,0,0,0,0
21,22,0,0,0,0,0,0,0,0,0,0,5,2,0,4,0,0,2,4,0,0,5,0,0,0,0
21,23,2,2,0,0,5,5,0,0,0,0,0,0,0,0,9,0,0,2,0,0,0,0,0,0,0
22,0,0,3,0,0,2,0,0,0,0,0,0,0,0,0,0,0,0,0,0,0,0,4,0,0,4
22,1,0,0,0,0,0,0,0,0,0,0,0,3,0,3,5,0,0,6,0,0,1,0,0,0,0
22,2,0,0,0,0,0,0,0,0,0,0,0,0,0,0,0,0,0,4,0,2,0,0,0,0,0
22,3,4,0,0,0,0,0,0,0,0,0,0,0,3,0,0,0,0,0,0,0,0,0,0,4,0
22,4,0,0,0,0,0,0,0,0,0,0,0,0,0,0,0,2,2,0,0,9,0,0,0,0,0
22,5,0,0,0,0,0,0,0,0,1,0,0,0,0,0,0,0,3,0,0,0,4,0,0,0,0
22,6,0,0,0,2,0,0,0,0,0,0,0,0,0,0,0,0,0,0,0,0,2,0,0,0,0
22,7,0,0,0,0,0,0,0,0,0,0,0,0,0,0,0,0,0,0,0,0,0,0,0,0,0
22,8,2,0,0,0,0,0,0,0,0,0,0,0,0,0,0,0,0,0,0,4,0,0,0,0,0
22,9,0,0,3,0,0,0,0,0,0,0,0,0,0,0,0,0,0,0,0,5,0,0,0,0,0
22,10,10,0,0,0,0,0,0,0,3,0,0,5,0,0,0,0,0,6,0,0,0,0,0,0,0
22,11,0,3,0,0,3,0,0,0,9,0,0,0,0,0,0,3,0,0,0,0,0,0,0,3,2
22,12,0,2,0,2,0,0,0,0,3,0,0,0,0,0,10,0,0,0,0,0,0,0,0,0,0
22,13,0,0,0,0,0,0,2,0,0,0,2,0,0,4,2,0,0,0,0,0,0,2,0,0,0
22,14,2,0,2,0,0,0,0,0,3,0,0,3,3,0,0,2,0,4,0,0,0,6,1,0,0
22,15,0,0,3,5,0,0,0,0,0,0,5,0,0,0,0,0,0,0,0,0,8,2,0,0,0
22,16,0,0,0,0,2,0,0,0,4,0,0,0,2,2,2,2,0,0,0,0,0,2,0,0,0
22,17,2,2,0,0,0,0,5,0,0,0,0,0,0,0,3,2,0,0,0,1,0,0,0,0,0
22,18,0,3,0,0,0,0,0,0,0,3,0,0,0,0,0,0,0,0,3,2,0,0,0,0,3
22,19,3,0,0,3,3,0,2,0,2,0,3,0,3,5,3,0,2,4,0,6,4,0,0,0,0
22,20,0,0,0,0,0,12,0,3,0,0,3,0,2,0,0,0,0,0,0,0,0,0,0,0,0
22,21,0,0,0,0,3,2,0,0,6,0,0,0,0,1,0,0,3,2,2,0,6,0,0,0,0
22,22,0,0,0,0,0,0,0,10,0,0,0,0,8,0,0,0,0,0,0,0,2,0,0,0,0
22,23,0,0,0,0,0,0,0,0,0,0,0,0,0,0,0,0,0,0,0,0,0,0,0,0,0
23,0,0,0,0,0,0,0,0,0,0,0,0,0,0,0,0,0,0,2,0,0,0,1,0,0,0
23,1,0,0,0,0,0,0,0,0,0,0,0,0,0,0,0,0,0,0,0,0,0,0,0,0,0
23,2,0,0,0,0,0,0,0,0,0,0,0,0,0,0,0,0,0,0,0,0,0,0,0,0,0
23,3,0,0,0,0,0,0,0,0,2,0,0,0,0,0,0,0,0,0,0,0,2,0,0,0,0
23,4,0,2,0,0,0,0,0,0,0,0,0,0,0,0,0,0,0,0,0,0,0,0,0,0,0
23,5,0,0,0,0,0,0,0,0,0,0,0,0,0,0,0,0,0,0,0,0,0,0,0,0,3
23,6,0,0,0,2,0,0,0,0,0,0,0,0,0,0,0,0,0,0,0,0,0,0,0,0,0
23,7,0,0,0,0,0,0,0,0,0,0,0,0,0,0,0,0,0,0,0,0,0,0,0,0,0
23,8,0,0,0,0,0,0,0,0,0,0,0,0,0,0,0,0,0,0,0,0,0,0,0,0,0
23,9,0,0,0,0,0,0,0,0,0,0,0,0,0,0,0,0,2,0,0,0,0,0,0,0,0
23,10,0,0,0,0,0,0,0,0,10,0,0,0,0,0,0,0,0,0,2,0,0,0,2,0,12
23,11,0,0,0,0,0,0,0,0,0,0,2,0,0,0,0,2,0,0,0,0,0,0,0,0,0
23,12,3,2,0,0,0,0,0,0,0,0,0,0,6,0,0,0,2,0,0,0,0,0,0,4,0
23,13,0,0,0,0,0,0,0,0,0,0,0,0,0,0,0,0,0,0,0,0,0,0,0,0,0
23,14,5,0,0,0,0,0,0,0,0,1,0,1,0,0,0,0,0,0,0,3,0,0,0,0,2
23,15,0,0,0,0,0,0,0,0,2,0,0,0,12,0,0,0,2,0,0,0,0,3,0,4,0
23,16,0,0,0,0,0,0,0,0,0,0,0,0,0,0,2,0,0,0,0,3,0,0,0,0,0
23,17,0,0,0,0,0,2,2,2,4,0,0,0,0,3,0,0,0,0,2,0,0,0,0,0,0
23,18,0,0,0,0,0,0,0,0,0,0,0,2,0,1,0,0,0,0,2,0,0,9,0,0,0
23,19,0,0,0,0,0,0,0,2,0,0,0,0,2,0,0,0,0,0,0,0,0,2,0,0,5
23,20,0,0,0,0,0,0,0,0,0,0,4,0,0,0,0,0,0,0,0,0,0,0,0,0,0
23,21,0,0,0,0,2,0,0,0,5,0,0,8,0,0,0,0,0,0,0,2,0,0,0,0,0
23,22,0,0,0,0,0,0,0,0,0,0,0,0,0,0,0,0,0,0,0,0,0,0,0,0,0
23,23,0,0,0,0,0,0,0,0,0,0,0,0,0,0,0,0,0,0,0,0,0,0,0,0,0
24,0,0,0,0,0,0,0,2,0,0,0,0,0,0,0,0,0,0,0,0,0,0,2,0,0,0
24,1,0,0,0,0,0,0,0,0,0,0,0,0,0,0,0,0,4,0,0,0,0,0,0,0,0
24,2,2,5,0,0,0,0,0,0,0,0,0,0,0,0,0,0,0,0,0,0,0,0,0,0,0
24,3,0,0,0,0,0,0,0,0,0,0,0,0,0,0,0,0,0,0,0,0,0,0,0,0,0
24,4,0,0,0,0,10,0,0,0,0,0,0,0,0,0,0,0,0,0,0,0,0,0,0,0,0
24,5,0,0,0,0,0,0,0,0,0,0,0,0,0,0,6,0,0,0,0,0,0,0,0,0,0
24,6,0,0,0,0,0,0,0,0,0,0,3,2,0,0,0,0,0,0,0,0,0,0,0,0,0
24,7,0,0,0,0,0,0,0,0,0,0,0,0,0,0,0,0,0,0,0,0,0,0,0,0,0
24,8,0,0,0,0,0,0,0,0,0,0,0,0,0,0,0,0,0,0,0,0,0,0,0,0,0
24,9,0,0,0,0,0,0,0,0,0,0,0,0,0,4,0,0,0,0,0,0,0,0,0,0,4
24,10,0,0,0,0,0,0,4,0,0,0,0,0,0,0,0,0,0,2,0,0,0,0,0,0,0
24,11,0,2,2,0,0,0,0,0,0,0,0,0,0,0,0,0,0,0,0,4,0,0,0,0,0
24,12,2,2,0,0,4,0,8,0,0,0,0,2,0,0,0,0,0,0,0,0,0,0,0,0,2
24,13,5,0,3,0,0,0,0,0,4,3,0,0,0,0,11,2,0,0,0,0,0,0,0,0,0
24,14,0,0,2,0,0,0,0,0,2,0,0,0,0,0,0,3,2,0,0,0,0,0,0,0,0
24,15,0,2,0,0,2,0,0,0,6,0,0,0,5,0,2,0,0,0,0,0,0,10,4,0,0
24,16,0,0,0,0,0,0,0,0,0,0,0,0,0,0,2,4,0,2,0,3,0,0,0,0,0
24,17,0,0,0,0,0,0,0,0,0,0,0,0,0,0,0,0,3,0,0,2,0,3,0,0,0
24,18,0,0,2,6,10,0,0,0,0,0,0,0,0,0,0,0,3,0,0,0,0,0,0,0,0
24,19,0,6,0,0,0,0,0,0,0,0,0,0,0,0,0,0,0,0,0,10,0,0,0,0,0
24,20,0,1,0,0,0,0,0,0,0,3,0,0,0,0,0,0,0,0,6,0,0,0,0,0,0
24,21,2,0,0,0,0,0,0,0,0,0,0,0,0,0,0,0,0,0,0,0,0,0,0,0,2
24,22,0,2,0,0,0,0,0,0,0,0,0,0,0,0,0,0,2,0,0,0,0,0,0,0,0
24,23,0,0,0,0,0,0,0,0,0,0,0,0,0,0,0,2,0,0,0,0,0,0,0,0,5
25,0,0,0,0,0,0,0,0,0,0,2,0,0,0,0,0,0,0,0,2,0,0,0,0,0,0
25,1,0,0,0,0,0,0,0,0,0,0,0,0,0,0,0,0,0,0,0,0,0,0,0,0,0
25,2,0,0,0,0,0,0,0,0,0,0,0,0,0,0,0,0,0,0,0,0,0,0,0,0,0
25,3,0,0,0,0,0,2,0,0,2,0,0,2,0,0,0,0,0,0,0,0,0,0,0,0,0
25,4,0,0,0,0,0,0,0,0,0,0,0,0,0,0,0,0,0,0,0,0,0,0,0,0,0
25,5,0,0,0,0,0,0,0,0,0,0,0,0,0,0,0,0,0,0,0,0,0,0,0,0,0
25,6,0,0,0,0,0,0,4,0,0,0,0,0,0,0,0,0,0,2,0,0,0,0,0,0,0
25,7,0,0,0,0,0,0,0,0,0,0,0,0,0,0,0,0,0,6,0,0,0,0,0,0,0
25,8,0,3,3,0,0,0,0,0,0,0,0,0,0,0,0,2,0,0,0,0,0,0,0,0,0
25,9,0,0,0,0,0,0,0,0,4,2,0,0,0,0,0,0,0,0,6,0,0,0,0,0,0
25,10,0,0,0,0,0,0,0,0,0,0,0,0,3,0,0,0,0,0,0,0,0,0,0,0,0
25,11,0,0,0,0,0,0,0,0,2,0,0,10,0,0,0,0,0,0,0,0,0,0,3,0,0
25,12,0,0,0,0,0,0,0,0,0,0,0,0,0,0,0,0,8,0,0,0,0,0,0,0,0
25,13,0,0,0,5,0,0,0,0,0,0,0,0,0,2,0,0,0,0,0,2,0,0,0,0,2
25,14,0,0,0,1,0,0,0,0,0,0,0,0,0,0,0,0,0,2,0,0,0,4,0,0,0
25,15,0,0,0,0,0,0,2,6,2,0,0,0,0,0,0,0,0,2,3,2,0,0,2,0,0
25,16,0,0,0,0,0,0,0,2,0,0,0,0,0,0,0,0,0,0,2,0,0,0,0,0,0
25,17,0,0,0,0,0,0,3,0,0,0,0,0,0,0,0,0,0,0,0,0,0,0,0,0,0
25,18,0,0,0,0,0,0,2,0,0,0,0,0,0,0,0,0,2,0,0,0,0,0,0,0,0
25,19,0,0,0,0,0,0,0,0,0,0,0,0,16,0,0,0,0,0,0,0,0,0,0,0,3
25,20,0,0,0,0,0,0,10,0,0,0,2,0,0,0,4,2,0,0,0,0,0,0,0,0,4
25,21,0,0,1,0,0,0,0,0,0,0,0,0,0,2,0,0,0,0,0,13,0,0,0,0,0
25,22,0,0,0,1,0,0,4,0,8,0,0,0,0,0,0,0,0,0,0,5,0,0,0,0,2
25,23,0,0,2,5,0,0,0,0,0,0,0,0,0,0,0,0,0,0,0,0,0,0,0,0,0
26,0,3,0,0,0,0,0,0,0,0,0,0,0,0,0,0,0,0,0,3,0,4,0,0,0,0
26,1,0,0,0,0,0,0,0,0,0,0,0,0,0,0,0,0,0,0,0,0,0,0,0,0,2
26,2,0,0,0,0,0,0,0,0,0,0,0,0,3,0,0,0,0,0,0,0,0,0,0,0,0
26,3,0,0,0,0,0,0,0,0,0,0,0,0,0,0,0,0,0,0,0,0,0,0,0,0,0
26,4,0,0,0,0,0,0,0,0,0,0,0,0,0,0,0,0,0,0,0,0,0,0,0,0,0
26,5,0,0,0,0,0,0,0,0,0,0,0,1,3,0,0,0,0,0,0,0,0,0,0,0,0
26,6,0,0,0,0,0,0,0,0,0,0,0,0,0,0,0,0,0,2,0,0,0,0,0,0,0
26,7,0,2,0,0,0,0,0,0,0,0,0,0,0,0,2,0,0,0,0,0,0,0,0,0,0
26,8,2,0,2,0,0,0,0,0,0,0,0,0,0,0,0,0,0,0,0,0,0,3,0,0,0
26,9,0,0,0,0,0,0,0,0,0,0,0,0,0,0,0,0,0,0,0,0,0,0,0,0,0
26,10,0,0,0,0,0,0,0,0,0,0,0,0,0,0,0,0,0,0,0,0,0,0,0,0,0
26,11,0,0,1,3,0,0,0,0,0,0,0,0,0,0,0,0,0,0,4,0,0,0,0,0,0
26,12,0,0,0,0,0,0,2,0,0,0,0,0,0,0,0,0,0,0,0,0,0,0,0,0,2
26,13,0,0,2,0,0,0,10,0,0,0,3,0,0,0,0,0,0,0,2,0,0,0,3,0,0
26,14,0,0,0,0,0,0,0,0,0,0,0,0,0,8,0,3,0,0,0,0,0,0,2,0,2
26,15,7,0,0,5,0,0,0,0,0,0,0,0,3,0,0,0,0,0,0,0,0,0,0,0,0
26,16,12,0,0,0,4,0,0,0,0,0,4,0,2,0,0,0,0,0,0,0,0,0,0,0,2
26,17,0,0,0,0,0,0,0,2,0,0,0,0,0,4,0,0,0,2,0,0,0,0,0,0,0
26,18,0,3,0,0,0,0,0,0,0,0,2,0,0,0,0,0,0,0,0,0,0,0,0,0,0
26,19,0,0,6,0,0,0,0,0,0,3,0,0,0,0,0,0,0,2,0,2,0,0,0,0,0
26,20,0,0,0,0,2,0,2,0,8,0,0,0,0,0,0,0,0,0,0,0,0,0,4,0,0
26,21,0,2,0,0,0,0,0,0,0,0,0,0,0,0,0,0,0,0,4,0,0,0,0,0,0
26,22,0,3,0,0,0,0,0,0,0,0,0,0,0,0,0,0,0,0,0,3,0,0,0,0,8
26,23,2,0,0,0,0,2,0,0,0,0,0,0,0,0,0,0,0,2,0,0,0,0,1,0,0
27,0,0,0,0,0,0,0,6,0,0,0,0,0,0,0,0,0,0,0,0,0,0,0,0,0,0
27,1,0,0,2,0,0,0,0,0,0,0,0,0,0,0,0,0,0,0,0,0,0,0,0,0,0
27,2,0,0,0,3,0,0,0,0,0,0,0,0,0,0,0,0,0,0,0,2,0,0,0,0,0
27,3,0,0,0,0,0,0,1,0,0,0,0,0,0,0,0,0,0,0,0,0,0,0,0,0,0
27,4,0,0,0,0,0,0,0,0,5,0,0,0,0,0,0,0,0,0,0,0,0,0,0,0,0
27,5,0,0,0,0,0,0,0,0,0,0,0,0,0,0,0,0,0,0,0,0,0,0,0,0,0
27,6,0,0,0,0,0,0,0,2,0,0,0,0,0,0,2,0,4,0,5,2,0,0,0,0,0
27,7,0,0,0,0,4,0,0,0,0,0,2,0,0,0,3,0,0,2,0,0,0,0,0,0,1
27,8,0,0,0,0,0,10,0,0,0,0,0,0,2,0,2,0,3,0,0,0,0,0,0,0,0
27,9,0,0,0,0,0,0,0,0,0,0,0,7,0,0,2,0,0,0,0,0,0,0,0,0,0
27,10,0,0,0,5,0,0,0,0,0,0,0,1,0,0,0,0,0,0,0,0,0,0,0,0,2
27,11,0,4,0,0,2,0,0,0,0,0,3,0,4,0,2,0,0,2,0,0,2,0,0,0,0
27,12,0,0,0,5,0,0,0,0,1,0,2,0,0,0,0,0,0,0,0,0,0,3,0,0,0
27,13,0,0,0,0,0,0,0,0,0,0,0,0,2,0,0,0,0,0,0,0,0,0,4,0,0
27,14,2,0,0,2,0,4,0,0,0,0,0,0,0,0,0,0,0,0,0,2,0,0,0,0,0
27,15,0,0,2,0,0,0,0,0,0,2,0,0,0,2,0,0,2,0,0,0,0,3,0,0,0
27,16,2,3,4,0,0,0,4,0,4,2,0,0,0,0,2,3,0,7,0,0,0,0,0,0,3
27,17,0,0,2,0,0,0,0,0,2,0,0,0,0,0,0,2,0,6,0,0,0,0,0,0,0
27,18,0,0,3,5,0,0,2,0,0,2,0,0,2,2,0,0,0,5,0,4,2,0,0,0,0
27,19,4,0,0,0,0,0,0,4,0,0,2,0,2,0,0,0,0,0,2,3,0,0,0,0,2
27,20,0,0,2,0,0,0,0,0,0,0,0,0,2,0,0,0,0,0,0,2,0,0,0,0,2
27,21,2,0,0,0,0,0,6,0,0,0,0,0,0,0,0,0,0,0,0,0,0,0,0,0,0
27,22,3,0,0,0,0,0,0,0,0,0,0,0,0,0,0,0,0,0,0,0,0,0,0,0,0
27,23,3,0,0,0,0,0,0,0,2,0,3,0,0,0,0,0,0,0,0,7,0,0,0,0,0
28,0,4,0,0,6,0,0,0,0,0,0,4,0,2,0,0,0,0,0,0,0,0,2,0,0,0
28,1,0,0,0,0,0,0,0,0,0,0,0,0,2,2,0,0,2,0,0,0,0,0,0,0,0
28,2,4,0,0,0,0,0,0,0,0,0,0,5,0,0,0,0,0,0,0,0,0,0,0,0,0
28,3,0,0,0,0,0,0,0,0,0,0,3,0,0,0,0,0,0,0,0,0,0,0,0,0,0
28,4,0,0,0,0,0,0,0,0,0,0,0,0,0,0,0,0,0,0,0,0,0,0,0,0,0
28,5,0,0,0,0,0,0,0,0,0,0,0,0,0,0,0,0,0,0,0,0,0,0,0,0,0
28,6,0,2,0,0,0,0,0,0,0,0,0,0,2,0,0,0,0,0,0,0,0,0,3,0,0
28,7,0,2,0,0,0,4,0,0,0,0,0,0,0,0,0,0,0,0,0,2,0,0,0,0,0
28,8,2,0,2,0,0,2,0,0,2,0,0,0,0,0,0,0,0,0,0,2,0,0,0,0,0
28,9,0,2,0,0,2,0,0,0,0,0,0,0,0,0,0,2,5,8,0,0,0,0,0,0,1
28,10,0,0,0,0,0,0,0,0,0,0,3,0,4,0,0,0,0,0,0,0,0,0,0,0,0
28,11,0,0,0,0,0,0,0,0,0,3,2,0,0,0,0,2,0,0,0,0,0,0,0,0,0
28,12,0,0,0,4,0,0,2,0,0,0,0,0,0,0,0,0,0,0,0,0,0,0,0,3,0
28,13,3,0,0,0,0,0,0,0,0,0,0,0,0,0,0,2,4,3,3,0,4,0,0,0,0
28,14,0,0,0,0,2,0,0,0,3,0,0,0,0,0,2,0,0,0,0,0,0,0,0,0,0
28,15,3,0,7,0,0,0,0,0,0,0,0,0,0,0,0,0,0,0,4,0,0,2,0,0,6
28,16,0,0,3,2,4,0,0,0,0,4,0,0,0,0,0,0,0,0,0,0,0,1,5,0,0
28,17,5,2,0,0,0,0,0,0,0,0,0,2,2,0,3,2,0,0,0,0,0,0,0,0,2
28,18,2,1,0,0,0,0,0,0,0,0,2,2,0,0,8,0,2,0,0,0,0,0,0,2,0
28,19,0,0,0,0,0,0,1,0,0,0,0,0,0,0,0,0,2,4,0,2,0,0,0,0,0
28,20,0,1,0,0,0,0,5,0,0,0,0,0,0,2,0,0,2,0,0,0,0,4,12,0,21
28,21,9,6,0,0,0,0,0,0,2,0,0,2,0,0,0,0,0,0,0,0,0,0,0,0,0
28,22,0,0,0,0,0,0,0,0,0,0,0,0,3,3,0,0,0,0,0,2,4,0,1,0,0
28,23,0,0,0,0,4,2,0,0,0,0,0,0,0,0,0,0,0,0,6,0,0,6,0,2,2
29,0,0,0,0,0,6,0,0,0,10,2,0,0,6,0,0,0,0,4,0,0,0,0,6,3,0
29,1,0,0,0,0,0,0,0,11,0,0,0,0,0,0,0,0,0,0,0,0,0,0,0,0,0
29,2,0,0,0,0,0,0,0,0,6,0,13,0,0,0,2,0,0,0,0,0,0,0,0,0,2
29,3,9,0,0,0,0,0,2,0,0,0,0,0,0,0,2,0,0,0,0,0,3,0,3,0,0
29,4,5,0,0,0,0,0,2,0,0,0,2,0,8,0,0,0,0,0,0,0,0,0,0,0,0
29,5,0,0,0,0,0,2,10,0,0,0,0,0,0,0,0,0,0,0,2,0,0,0,0,0,0
29,6,7,0,0,0,0,0,2,0,0,0,0,0,0,0,0,0,0,2,0,0,0,0,0,4,0
29,7,4,0,0,2,0,0,0,0,0,0,0,0,0,0,0,0,0,0,0,2,3,0,6,0,0
29,8,0,0,0,0,0,0,0,0,0,0,0,0,0,0,0,2,0,0,0,0,0,0,0,0,0
29,9,2,0,0,0,0,0,0,0,0,0,0,0,0,0,2,0,0,2,0,2,0,0,0,0,0
29,10,2,13,0,19,0,0,6,0,0,0,0,6,0,0,0,2,0,0,0,0,2,2,0,2,3
29,11,0,0,0,0,0,8,0,0,0,2,7,0,0,0,0,0,0,0,0,0,0,2,0,0,0
29,12,7,0,0,2,2,0,0,0,5,0,0,0,0,0,0,0,0,0,0,0,0,0,2,0,0
29,13,3,0,3,0,0,0,0,0,0,0,0,0,6,0,0,2,0,0,5,0,0,0,7,0,0
29,14,8,0,0,6,0,0,3,0,0,3,0,0,0,0,2,0,0,0,0,14,0,0,0,0,2
29,15,0,0,0,0,0,0,0,0,0,0,0,1,0,0,0,0,0,0,0,0,0,0,0,0,0
29,16,0,0,0,0,2,0,0,0,0,0,0,0,2,0,0,0,0,0,3,2,0,0,0,0,0
29,17,0,0,0,0,0,0,0,0,0,0,0,0,6,0,0,0,0,2,0,0,0,0,2,0,0
29,18,2,0,0,0,0,2,0,0,0,0,2,0,0,0,0,11,0,0,0,0,0,0,0,0,0
29,19,0,0,0,0,0,0,0,0,0,0,0,0,0,0,0,0,0,0,0,0,0,0,0,0,0
29,20,0,0,0,0,0,0,0,2,0,0,0,0,0,0,3,0,0,2,0,0,0,0,0,0,0
29,21,0,0,0,0,0,0,2,2,0,6,0,0,10,0,0,0,0,2,0,0,0,0,2,0,0
29,22,0,0,0,0,0,0,0,0,0,0,0,1,0,0,0,0,0,0,0,0,0,6,0,0,0
29,23,2,0,0,0,0,0,0,2,0,0,0,12,0,0,0,0,0,0,3,0,2,0,2,0,0
30,0,0,0,0,0,0,0,27,0,0,0,0,0,3,0,0,0,0,5,0,0,0,0,0,0,0
30,1,0,0,0,0,0,0,0,0,0,0,0,4,2,0,0,0,0,0,0,0,0,0,0,0,0
30,2,0,0,0,0,0,0,0,0,5,0,0,0,0,0,0,0,0,0,0,0,0,0,0,0,0
30,3,0,0,0,0,0,0,0,0,0,0,0,0,0,0,0,0,0,0,0,2,0,0,0,0,0
30,4,0,0,0,0,0,1,0,0,0,0,4,0,0,3,0,0,6,0,0,0,0,0,0,0,0
30,5,0,0,0,0,0,0,2,0,0,0,0,0,0,0,0,0,0,0,0,0,0,0,0,0,0
30,6,0,0,2,0,0,0,0,0,0,0,0,0,0,0,0,0,0,2,0,0,0,0,0,0,0
30,7,0,0,0,0,0,0,3,0,0,0,0,0,0,0,0,0,0,0,0,0,2,2,0,0,0
30,8,2,0,0,0,0,0,0,0,0,0,0,1,2,0,2,0,2,0,0,0,0,0,0,0,3
30,9,6,0,0,0,0,0,0,12,6,0,0,0,0,0,0,0,0,0,0,3,0,0,0,0,0
30,10,0,0,0,0,0,0,0,0,0,0,0,0,0,0,0,0,0,0,0,0,0,0,6,0,0
30,11,9,0,0,8,0,0,0,0,0,0,0,0,0,0,0,0,3,0,0,0,2,0,2,0,0
30,12,4,2,0,0,2,0,0,0,0,0,0,0,3,0,0,0,0,0,0,0,0,0,0,0,0
30,13,0,0,1,0,0,3,0,0,0,0,0,0,0,0,0,0,0,5,0,0,0,0,0,0,0
30,14,4,0,0,4,0,0,2,0,0,0,0,2,4,0,0,0,0,0,0,0,0,2,0,0,0
30,15,0,0,2,0,3,0,0,0,0,3,2,0,2,0,0,0,5,0,2,0,0,0,0,0,0
30,16,3,0,0,0,0,0,0,2,2,0,1,0,0,0,0,0,0,0,2,0,0,0,0,0,0
30,17,0,1,0,5,0,0,0,0,0,0,2,0,0,0,8,0,0,0,0,0,0,0,0,0,0
30,18,0,0,0,0,0,0,0,0,3,0,0,0,0,0,0,0,0,0,0,0,0,0,0,0,5
30,19,0,0,0,2,0,0,3,0,0,0,0,0,0,0,0,0,0,2,0,0,2,1,0,0,0
30,20,0,0,0,0,0,0,0,0,0,0,0,0,0,0,6,0,0,0,0,2,0,0,0,0,4
30,21,0,2,0,0,0,0,0,0,0,0,0,0,0,0,3,0,0,0,0,0,0,0,0,0,0
30,22,0,0,0,0,0,0,0,0,0,0,0,0,0,0,0,0,0,0,0,1,0,2,0,0,0
30,23,2,0,0,0,0,0,0,0,2,0,0,0,0,0,0,0,0,0,0,0,0,0,0,0,0
